ts,prompt,hit,lookup_ms,model_ms,e2e_ms,path,policy
1756308425.525660,how can identity protection services help protect me against identity theft,0,159.719,67.436,227.155,lookup_miss+model,costaware
1756308428.113129,"Beside OFAC's selective sanction that target the listed individiuals and entities, please elaborate on the other types of US's sanctions, for example, comprehensive and sectoral sanctions. Please be detailed as much as possible",0,167.427,228.669,396.096,lookup_miss+model,costaware
1756308428.835420,are there other types of US sanctions that you didn't specified earlier? Please elaborate more,0,137.695,68.489,206.184,lookup_miss+model,costaware
1756308429.502183,are there other types of US sanctions that you didn't specified earlier? Please elaborate more,0,130.322,70.964,201.286,lookup_miss+model,costaware
1756308430.222411,please make organized conclusion in bullet list on all types of US's sanctions that you have had given the answers,0,138.863,69.433,208.296,lookup_miss+model,costaware
1756308431.271502,please make organized conclusion in bullet list on all types of US's sanctions that you have had given the answers,0,161.139,69.332,230.471,lookup_miss+model,costaware
1756308432.036392,"can you please revise the answer above again, but this time, make sure to specify which types of sanctions are the sub-category",0,134.776,72.317,207.093,lookup_miss+model,costaware
1756308432.944730,"if you see a person name stating that it is the registrar of a company in Malta, is registrar is a position and if so, what does he/she do?",0,163.933,234.741,398.675,lookup_miss+model,costaware
1756308434.376028,"if you see a person's name stating that it is the registrar of a company in Malta, is registrar a position in that company? and if so, what does he/she do?",0,173.140,69.734,242.875,lookup_miss+model,costaware
1756308435.050693,"You are the text completion model and you must complete the assistant answer below, only send the completion based on the system instructions.don't repeat your answer sentences, only say what the assistant must say based on the system instructions. repeating same thing in same answer not allowed.
user: descriptive answer for append many items to list python in python with proper code examples and outputs.
assistant: ",1,299.009,0.000,299.009,lookup_hit,costaware

hits,1
misses,9
evictions,0
